author,author-pid,top_venue_count,total_weight,closeness_centrality,normalized_degree_centrality
Tat-Seng Chua,24/6606,20,297,0.3112239263715923,0.03026288974933768
Xiaoou Tang,1214889,14,278,0.1987297554779295,0.02832687996739352
Dahua Lin,53/6088,11,273,0.168029130945616,0.02781740370898716
Chunhua Shen,56/1673,10,194,0.1970920459240701,0.0197676788261667
Yi Tay,188/6350,9,209,0.2560111181565488,0.021296107601385776
Byron Choi,07/1560,8,151,0.2874429828920822,0.01538618300387202
James Cheng,829619,8,111,0.2584907735660298,0.011310372936621153
Chi-Wing Fu,38/803,8,98,0.2650464195432596,0.009985734664764621
Yiqun Hu,44/3470,8,78,0.2722051325908078,0.00794782963113919
Zheng-Jun Zha,23/1818,8,77,0.2492685820934985,0.007845934379457917
Steven C. H. Hoi,h/StevenCHHoi,7,214,0.2995882659907696,0.021805583859792133
Xiaokui Xiao,33/1903,7,175,0.2703471174689976,0.01783166904422254
Chenliang Li,52/9457,7,109,0.2857522195167692,0.01110658243325861
Raymond Chi-Wing Wong,w/RaymondChiWingWong,7,91,0.2637983221154087,0.009272467902995721
Yang Yang 0002,48/450-2,7,90,0.2468834735738442,0.009170572651314449
Shih-Fu Chang,c/ShihFuChang,6,76,0.2326320257727053,0.0077440391277766455
Shuigeng Zhou,52/6744,6,72,0.2456060529624936,0.007336458121051559
Huan-Bo Luan,55/5812,6,57,0.2501912790256866,0.005808029345832484
Wei Liu 0005,49/3283-5,6,53,0.2401612099839492,0.005400448339107398
Mohan S. Kankanhalli,625906,6,32,0.2747792332701906,0.0032606480538006927
Lei Ma 0003,20/6534-3,5,387,0.2223982134801292,0.03943346240065213
Xiaofei Xie,127/0713,5,379,0.2496087848789504,0.03861830038720196
Felix Juefei-Xu,35/11103,5,232,0.1907849553248984,0.023639698390055024
Ping Luo 0002,54/4989-2,5,210,0.1679882766615629,0.021398002853067047
Juyong Zhang,38/5125,5,151,0.2458099398705148,0.01538618300387202
Kai Chen,181/2839,5,140,0.2225414805276792,0.014265335235378032
Qing Guo 0005,25/3038-5,5,131,0.1907791019483467,0.013348277970246587
Meng Wang 0001,93/6765-1,5,119,0.2445147280446861,0.012125534950071327
Ian Reid 0001,r/IanDReid1,5,115,0.164499723523304,0.01171795394334624
Xiangnan He 0001,59/1007,5,97,0.2401704858408101,0.00988383941308335
Huey-Eng Chua,94/11104,5,72,0.2487699651506006,0.007336458121051559
Shuicheng Yan,y/ShuichengYan,5,66,0.2688509684337591,0.006725086610963929
Richang Hong,59/1501,5,60,0.2396890895002279,0.006113715100876299
Lisi Chen,37/10606,5,57,0.2354953247076089,0.005808029345832484
Dayong Wang,2029014,5,46,0.2684911074656482,0.004687181577338496
Tao Guo,43/56,5,37,0.2495887472467052,0.003770124312207051
Anthony K. H. Tung,t/AnthonyKHTung,5,31,0.2623403809182135,0.003158752802119421
Shaojing Fan,78/4086,5,28,0.246658232800651,0.0028530670470756064
Yong Luo 0002,57/5272-2,4,161,0.2598626791301105,0.016405135520684736
Shuo Yang 0003,78/1102-3,4,143,0.1679792006295427,0.014571020990421846
Ling-Yu Duan,d/LingyuDuan,4,104,0.2808986786332572,0.010597106174852253
Fayao Liu,91/9687,4,95,0.2035101963313504,0.009680048909720807
Xiaogang Wang 0001,91/6236-1,4,84,0.1679701255781851,0.008559201141226819
Jiuxiang Gu,173/4935,4,79,0.1992838524790697,0.00804972488282046
Jianqiang Huang,207/1901,4,72,0.2653404757373336,0.007336458121051559
Chi Zhang,91/195,4,69,0.2713498886762268,0.007030772366007744
Xin Cao 0001,77/2970-1,4,68,0.2482733390123937,0.006928877114326473
Shaogang Gong,17/4389,4,68,0.2205523887672701,0.006928877114326473
Quan Yuan 0001,29/5782-1,4,66,0.271196042082272,0.006725086610963929
Anton van den Hengel,v/AntonvandenHengel,4,66,0.1970358391870596,0.006725086610963929
Liqiang Nie,92/8277,4,62,0.269760706646324,0.006317505604238842
Jun Xiao 0001,71/2308-1,4,62,0.1831645718255151,0.006317505604238842
Tao Xiang,22/4460,4,55,0.202147331000436,0.005604238842469941
Kaiyu Feng,140/7434,4,51,0.2817769643331708,0.005196657835744854
Long Chen 0016,64/5725-16,4,50,0.266648972937582,0.005094762584063582
Zongyang Ma,117/4275,4,48,0.2689905285679116,0.004890972080701039
Fumin Shen,92/10934,4,46,0.2411391029939277,0.004687181577338496
Shenghua Gao,63/7642,4,41,0.2538477322380966,0.004177705318932138
Sheng Yang,69/4104,4,35,0.2446397847550717,0.003566333808844508
Chen Huang,22/5390,4,34,0.1679701255781851,0.0034644385571632364
Ba Quan Truong,99/11145,4,27,0.2590831235742016,0.0027511717953943348
Minh-Tri Pham,86/4091,4,11,0.2455090827899721,0.0011208477684939882
Ee-Peng Lim,l/EePengLim,3,474,0.2949276251614691,0.04829834929692276
Chao Dong,16/1278,3,260,0.2482336945670424,0.02649276543713063
Ke Yu,23/2089,3,241,0.2463455371565016,0.024556755655186467
Nadia Magnenat-Thalmann,t/NadiaMagnenatThalmann,3,220,0.3111304937908743,0.022416955369879765
Ivor W. Tsang,35/5873,3,164,0.2963331132722271,0.016710821275728552
Xiaoli Li 0001,l/XiaoliLi,3,164,0.269445101347795,0.016710821275728552
Han Hu 0003,59/3754-3,3,156,0.28338212864715,0.01589565926227838
Bingsheng He,h/BingshengHe,3,146,0.3019889295762427,0.014876706745465661
Alex C. Kot,k/AlexChiChungKot,3,139,0.3254778355877736,0.01416343998369676
Junsong Yuan,42/3332,3,134,0.2804426125875801,0.013653963725290402
Xiaoxiao Li,71/8042,3,99,0.1679792006295427,0.010087629916445894
Philip S. Yu,y/PhilipSYu,3,97,0.2792461850594761,0.00988383941308335
Jiazhi Xia,72/7440,3,84,0.2627172271284977,0.008559201141226819
Chen Qian 0006,70/3604-6,3,82,0.1873250203013831,0.008355410637864276
Wayne Wu,50/8731,3,79,0.1873250203013831,0.00804972488282046
Yusen Li,28/6239,3,77,0.2463260200009671,0.007845934379457917
Qian Sun,26/3470,3,74,0.2549614190374518,0.007540248624414102
Yihao Huang,255/5085,3,73,0.16004977990591,0.007438353372732831
Minh C. Phan,204/0140,3,59,0.2580188402035026,0.0060118198491950275
Qianru Sun,127/6132,3,48,0.2244694985526104,0.004890972080701039
Thomas Laurent 0001,47/8889-1,3,46,0.0027395572155102,0.004687181577338496
Xifeng Yan,y/XifengYan,3,44,0.2179778472641502,0.004483391073975953
Changsheng Xu,85/1301,3,42,0.2637647528697525,0.0042796005706134095
Curtis E. Dyreson,d/CEDyreson,3,41,0.2593965480103627,0.004177705318932138
Wilfred Ng,n/WilfredNg,3,40,0.2254869655475365,0.004075810067250866
Jing Shao,91/5981,3,34,0.2021276182845018,0.0034644385571632364
Tzu-Yi Hung,1564822,3,30,0.2739198294746669,0.0030568575504381496
Alex Yong Sang Chia,51/3141,3,30,0.235477488881903,0.0030568575504381496
Adam Jatowt,j/AdamJatowt,3,30,0.2393753724026798,0.0030568575504381496
Xindi Shang,154/1996,3,30,0.2441594961875457,0.0030568575504381496
James H. von Brecht,24/9745,3,28,0.0027395572155102,0.0028530670470756064
Yunhua Deng,97/9078,3,26,0.2461797398513169,0.002649276543713063
Chin-Yew Lin,64/6843,3,25,0.2688393449591186,0.002547381292031791
Jingyuan Chen,134/1184,3,25,0.2396244334837924,0.002547381292031791
Peng Song 0001,58/3960-1,3,24,0.2272172342202073,0.0024454860403505196
Jingwen Bian,123/2963,3,19,0.2454896979433247,0.0019360097819441614
Qi Tian 0001,78/1467-1,3,15,0.2414105927829961,0.0015284287752190748
Shangyu Chen,189/9141,3,12,0.2004853639703512,0.0012227430201752598
Yuming Fang,31/9004,2,288,0.2847055560141209,0.029345832484206236
Xintao Wang,205/3991,2,236,0.2482832521023922,0.02404727939678011
Yiqiang Chen,48/1091,2,175,0.2689556249526131,0.01783166904422254
Chew Lim Tan,t/ChewLimTan,2,154,0.2595156316057099,0.015691868758915834
Shiqi Wang 0001,58/9145-1,2,144,0.2837830434877881,0.014672916242103118
Joey Tianyi Zhou,123/5110,2,103,0.2760723694239217,0.01049521092317098
Xian-Sheng Hua 0001,56/5807-1,2,87,0.2332603364432595,0.008864886896270633
Hongyuan Zhu,133/4527,2,85,0.2678896281623476,0.00866109639290809
Peilin Zhao,84/8411,2,83,0.3043836726665238,0.008457305889545547
Kuiyu Chang,34/6669,2,74,0.2941741909785417,0.007540248624414102
Yichao Jin,42/8333,2,74,0.2645615235238433,0.007540248624414102
Christian S. Jensen,j/ChristianSJensen,2,74,0.2562854572354784,0.007540248624414102
Lei Feng,76/847,2,72,0.2526615760799811,0.007336458121051559
Guanyu Gao,150/6757,2,71,0.2453347293026281,0.0072345628693702875
Wei Feng 0005,17/1152-5,2,70,0.1907791019483467,0.007132667617689016
Jianxin Wu,w/JianxinWu,2,67,0.2811908315503488,0.006826981862645201
Jing Tang 0004,83/663-4,2,67,0.2414949725777472,0.006826981862645201
Pierre Vandergheynst,16/355,2,67,0.0026992696093998,0.006826981862645201
Chia-Wen Lin,l/ChiaWenLin,2,54,0.2700184136916242,0.0055023435907886695
Jianshu Weng,98/392,2,52,0.2892749371466512,0.005298553087426126
Xu Yang,63/1534,2,52,0.2528876346701539,0.005298553087426126
Zhenzhong Chen,07/954,2,47,0.2637535650196986,0.0047890768290197675
Bin Cui 0001,55/5031,2,46,0.2468050823141263,0.004687181577338496
Min Xu 0001,09/0-1,2,44,0.2737269027118199,0.004483391073975953
Heng Tao Shen,s/HTShen,2,44,0.2526821101590643,0.004483391073975953
Feng Pan,84/1769,2,43,0.2702061464782694,0.004381495822294681
Kaiqi Zhao 0001,127/6172-1,2,42,0.2494185571739767,0.0042796005706134095
Ada Wai-Chee Fu,f/AdaWaiCheeFu,2,42,0.2640223356362268,0.0042796005706134095
Zichuan Liu,38/11010,2,42,0.1644605672812593,0.0042796005706134095
Qingyi Tao,179/0983,2,40,0.2446975463916423,0.004075810067250866
Roger Zimmermann,79/1490,2,40,0.2431665121580015,0.004075810067250866
Ruby B. Lee,87/4706,2,38,0.1643084700463578,0.0038720195638883227
Hao Yang,54/4089,2,37,0.2632622374642004,0.003770124312207051
Yubin Deng,153/2574,2,36,0.2021341887626179,0.0036682290605257795
Jinjun Wang,87/4858,2,34,0.2448806383217585,0.0034644385571632364
Pengcheng Wu,77/2927,2,33,0.2682941730553745,0.0033625433054819643
Linhong Zhu,23/6504,2,33,0.2895308492296137,0.0033625433054819643
Boon-Siew Seah,27/4985,2,32,0.2554117328885408,0.0032606480538006927
Qi Tian 0002,78/1467-2,2,29,0.2632065205885466,0.002954962298756878
Tuan-Anh Nguyen Pham,163/4020,2,28,0.2554012424078701,0.0028530670470756064
Zhixiang Ren,21/8692,2,27,0.2381286734157092,0.0027511717953943348
Yiding Liu,155/1107,2,27,0.2226052140368158,0.0027511717953943348
Wenfei Fan,94/2372,2,27,0.2516594782833953,0.0027511717953943348
Dao Thi Phuong Quynh,11/10767,2,27,0.2515576701688747,0.0027511717953943348
Patrick Francis,01/1098,2,26,0.2212586837782669,0.002649276543713063
David C. Shepherd,153/5343,2,26,0.2212586837782669,0.002649276543713063
Handong Zhao,79/8522,2,26,0.1992902393726175,0.002649276543713063
Song Liu 0001,80/1141-1,2,26,0.2398000095987202,0.002649276543713063
Yueting Zhuang,218/7793,2,26,0.2245343413340223,0.002649276543713063
Yue Gao 0002,33/3099-2,2,26,0.2449385137631234,0.002649276543713063
Zhifeng Bao,20/3716,2,25,0.2217241593476346,0.002547381292031791
Xiaoming Chen,72/2676,2,25,0.2398185062634276,0.002547381292031791
Xiangang Cheng,92/5664,2,24,0.2333040951826966,0.0024454860403505196
Lei Yang,50/2484,2,24,0.2098988708490941,0.0024454860403505196
Qiming Ai,255/6169,2,24,0.2205054627271069,0.0024454860403505196
Kong-Wah Wan,62/8429,2,22,0.2634295297142306,0.0022416955369879764
Jianke Zhu,773129,2,22,0.2675323344191547,0.0022416955369879764
Yining Li,166/3420,2,22,0.2021341887626179,0.0022416955369879764
Tak-Wai Hui,77/10109,2,22,0.2021210482335255,0.0022416955369879764
Ming Jiang,02/10377,2,20,0.2429385079271923,0.002037905033625433
Jiaheng Lu,l/JiahengLu,2,19,0.2476109604151003,0.0019360097819441614
Xin Xu,66/3874,2,19,0.2508371943890445,0.0019360097819441614
Bryan L. Koenig,139/6464,2,17,0.2429385079271923,0.0017322192785816182
Timothy M. Hospedales,32/3545,2,16,0.202147331000436,0.0016303240269003464
Wook-Shin Han,62/2450,2,15,0.2393385184906052,0.0015284287752190748
Weide Liu,261/9166,2,14,0.2792211068210334,0.0014265335235378032
Lucas Vinh Tran,242/7881,2,14,0.2524666686522295,0.0014265335235378032
Jiashi Feng,56/8278,2,14,0.1644518684254843,0.0014265335235378032
Victor Junqiu Wei,199/6298,2,13,0.2185908548846772,0.0013246382718565316
Qi He,51/6972,2,12,0.2684215681992754,0.0012227430201752598
Ehsan Shahrian Varnousfaderani,72/4723,2,12,0.2243156469429102,0.0012227430201752598
Kai Huang,86/489,2,12,0.1989713953956359,0.0012227430201752598
Guojie Song,37/2900,2,11,0.2495086288782768,0.0011208477684939882
Kunqing Xie,4901,2,11,0.2495086288782768,0.0011208477684939882
Qi Zhao 0001,05/490-1,2,11,0.2429385079271923,0.0011208477684939882
Seongyun Ko,181/5722,2,11,0.2393385184906052,0.0011208477684939882
Changjiu Jin,38/8165,2,11,0.2470502204570685,0.0011208477684939882
Xiang Wang 0010,31/2864-10,2,11,0.2396336679218626,0.0011208477684939882
Shuang Wu,85/3231,2,10,0.2543357212525835,0.0010189525168127166
Jun He,75/5705,2,10,0.2395967344393486,0.0010189525168127166
Raj Kumar Gupta,60/6029,2,9,0.2243237391379658,0.0009170572651314449
Shumo Chu,29/9582,2,9,0.2345448871795569,0.0009170572651314449
Kai Kang,69/6765,2,9,0.2021276182845018,0.0009170572651314449
Meishan Hu,98/2782,2,9,0.2504936371617956,0.0009170572651314449
David Uminsky,744762,2,9,0.0027395572155102,0.0009170572651314449
Roberto Cipolla,c/RobertoCipolla,2,8,0.2263405543225863,0.0008151620134501732
Jiong Yang,64/5141,2,8,0.2507866121760199,0.0008151620134501732
Jacob Chan,186/8252,2,8,0.1940233407876818,0.0008151620134501732
Jimmy Addison Lee,33/3919,2,8,0.1940233407876818,0.0008151620134501732
Yinglong Song,192/4763,2,8,0.2422193069844349,0.0008151620134501732
Ling Shen,18/6196,2,8,0.2396151997574049,0.0008151620134501732
William Hutama,81/9541,2,7,0.2282095584594984,0.0007132667617689016
Min Xie,36/844,2,7,0.2185985392991779,0.0007132667617689016
Xiang Chen,64/3062,2,6,0.2449674617437919,0.0006113715100876299
Surendra Sedhai,147/9076,2,6,0.2448613525853283,0.0006113715100876299
Grace E. Lee,174/6820,2,5,0.2448613525853283,0.0005094762584063583
A. Prasad Vinod,92/249,0,159,0.258211695411694,0.01620134501732219
Rajendra Prasad Sirigina,82/8861,0,90,0.199239155684217,0.009170572651314449
Francois P. S. Chin,c/FrancoisPSChin,0,107,0.2118872133064508,0.010902791929896067
Walid Saad,41/6237,0,88,0.226455954292014,0.008966782147951905
A. Benjamin Premkumar,81/2641,0,148,0.2390900510959863,0.015080497248828205
Ying-Chang Liang,98/153,0,170,0.2387228980691191,0.01732219278581618
Yutao Jiao,159/1492,0,82,0.1989204750129371,0.008355410637864276
Daniel Thalmann,t/DanielThalmann,0,83,0.2787454746684783,0.008457305889545547
Shivam Bhasin,94/7837,0,154,0.2173530724214203,0.015691868758915834
Debjyoti Bhattacharjee,160/7918,0,78,0.2191995928124793,0.00794782963113919
Debdeep Mukhopadhyay,85/3079,0,89,0.2293373920817442,0.009068677399633178
Rainer Leupers,14/6306,0,139,0.2166186180207766,0.01416343998369676
Gerd Ascheid,1255006,0,132,0.2166110721741879,0.013450173221927857
Alok Prakash,58/7646,0,105,0.2319292099848724,0.010699001426533523
David Kammler,20/3849,0,78,0.2165054854950877,0.00794782963113919
Heinrich Meyr,72/1999,0,99,0.216543183204639,0.010087629916445894
Karl Aberer,a/KarlAberer,0,83,0.2687115530402495,0.008457305889545547
Hui Fang 0002,03/2511-2,0,96,0.2924448125337165,0.009781944161402078
Milind Tambe,67/2667,0,166,0.235763186688319,0.016914611779091093
Xiaohong Li 0001,08/2489-1,0,89,0.258738153742954,0.009068677399633178
Lizhen Cui,82/5713,0,162,0.2807084709689605,0.016507030772366007
Cyril Leung,76/3131,0,390,0.3166439580865879,0.039739148155695944
Yuan Miao 0001,74/1798-1,0,91,0.2723362698245703,0.009272467902995721
Chuan Heng Foh,17/6484,0,185,0.2860940441179854,0.018850621561035254
Wen Gao 0001,g/WenGao,0,121,0.2759988481537689,0.01232932545343387
Chenwei Deng,73/8538,0,92,0.2882691599325211,0.009374363154676992
Guangtao Zhai,19/3230,0,144,0.2645615235238433,0.014672916242103118
Xiaokang Yang,427852,0,250,0.2708652719825941,0.025473812920317914
Wenjun Zhang 0001,46/3359-1,0,104,0.2629505264252543,0.010597106174852253
Alois C. Knoll,k/AloisKnoll,0,97,0.2378554124968218,0.00988383941308335
Linbo Luo,53/803,0,107,0.2535579044570386,0.010902791929896067
Jinghui Zhong,56/443,0,90,0.2686535059580235,0.009170572651314449
Liang Feng,1381166,0,180,0.2561904271961278,0.018341145302628897
Michael Harold Lees,97/1049,0,123,0.268549084383693,0.012533115956796414
Zengxiang Li,95/6812,0,113,0.2797612835247408,0.011514163439983696
Suiping Zhou,22/2383,0,212,0.2810510304589566,0.021601793356429592
Stephen John Turner,t/StephenJohnTurner,0,369,0.2798998041458594,0.03759934787038924
Yinxing Xue,73/7055,0,146,0.2679358001079117,0.014876706745465661
Tian Huat Tan,2908122,0,78,0.2386221285891405,0.00794782963113919
Jun Sun 0001,s/JunSun1,0,549,0.2849012209706045,0.055940493173018135
Malcolm Yoke-Hean Low,l/MalcolmYokeHeanLow,0,252,0.26917683428875,0.025677603423680456
Boon-Ping Gan,20/4420,0,94,0.2499398709314849,0.009578153658039535
David Chen 0002,25/3482-2,0,83,0.2244289908291916,0.008457305889545547
Haifeng Shen,39/4885,0,97,0.256084920883964,0.00988383941308335
Terence Hung,23/6574,0,79,0.2681206471586932,0.00804972488282046
Wen-Jing Hsu,26/4850,0,111,0.2657600670529282,0.011310372936621153
Min Wu 0008,16/0-8,0,106,0.2427677851528232,0.010800896678214796
Haihong Zhang,43/3254,0,168,0.2605704847847978,0.017118402282453638
Guang-Bin Huang,95/5912,0,77,0.255264944536306,0.007845934379457917
Van Tung Pham,148/9588,0,202,0.2501510197483471,0.020582840839616874
Chenglin Xu,125/2814,0,148,0.2471287675425011,0.015080497248828205
Wei Rao,68/2031,0,119,0.2467854922770335,0.012125534950071327
Haizhou Li 0001,36/4118,0,828,0.2886974348346912,0.08436926839209292
Haihua Xu,26/1181,0,316,0.2511614043502873,0.03219889953128184
Chongjia Ni,48/9230,0,139,0.2497792347420933,0.01416343998369676
Bin Ma,70/6176,0,331,0.2794469732565348,0.033727328306500916
Cheung-Chi Leung,15/2133,0,106,0.2495286536478496,0.010800896678214796
Xiaohai Tian,153/0728,0,89,0.282301450442839,0.009068677399633178
Kong-Aik Lee,35/4621,0,129,0.2469913429021454,0.013144487466884043
Tomi Kinnunen,94/4754,0,93,0.2467071632177906,0.009476258406358264
Hanwu Sun,22/1460,0,118,0.2506349878639425,0.012023639698390055
Lei Xie 0001,70/1741-1,0,139,0.2486108287583725,0.01416343998369676
Xiong Xiao,96/6014,0,406,0.2531140981358902,0.04136947218259629
Nancy F. Chen,84/8761,0,86,0.2496288257288002,0.008762991644589362
Lei Wang 0020,w/LeiWang20,0,108,0.2496087848789504,0.011004687181577339
Soujanya Poria,116/4904,0,296,0.246844271720234,0.03016099449765641
Alexander F. Gelbukh,g/AlexanderFGelbukh,0,112,0.2427772634562298,0.011412268188302425
Adrian David Cheok,c/AdrianDavidCheok,0,221,0.228545062073817,0.022518850621561035
Wei Zhang 0012,10/4661-12,0,178,0.2713972612126577,0.018137354799266356
Bertil Schmidt,80/1737,0,92,0.2444954998979441,0.009374363154676992
Jiawen Kang,145/4239,0,144,0.2210384632768524,0.014672916242103118
Zehui Xiong,174/9863,0,442,0.2387595626211186,0.04503770124312207
Dong In Kim,86/1369,0,523,0.2306302963023668,0.053291216629305076
Yang Zhang 0025,06/6785-25,0,163,0.2409335522067656,0.01660892602404728
Wei Yang Bryan Lim,249/5315,0,108,0.226077224101233,0.011004687181577339
Shaohan Feng,199/1893,0,165,0.1921052256450435,0.016812716527409823
Xiao Lu 0001,37/4424-1,0,230,0.2382746694602603,0.02343590788669248
Ping Wang 0001,37/1304-1,0,1044,0.2862652632770653,0.10637864275524761
Ekram Hossain,45/1224,0,240,0.2375101810054778,0.024454860403505196
Dinh Thai Hoang,37/8852,0,391,0.2373107678091979,0.039841043407377215
Zhu Han,83/514,0,598,0.2516085639275072,0.06093336050540045
Shimin Gong,92/3836,0,172,0.2379555353170218,0.017525983289178725
Yang Liu 0165,51/3710-165,0,158,0.2376190931600143,0.01609944976564092
Yuze Zou,172/5484,0,84,0.1937090448554379,0.008559201141226819
Jing Xu 0005,07/1951-5,0,85,0.1917025017388912,0.00866109639290809
Mohammad Abu Alsheikh,146/0878,0,124,0.1924858086644301,0.012635011208477685
Yong Xiao,28/6937,0,83,0.1916552334382621,0.008457305889545547
Nguyen H. Tran,03/1312,0,80,0.2295490438519109,0.008151620134501733
Wenbo Wang 0004,28/4847-4,0,107,0.1925096451783045,0.010902791929896067
Mehdi Bennis,630289,0,88,0.2372292861629946,0.008966782147951905
Siwei Jiang,1095942,0,86,0.2843150312699197,0.008762991644589362
Amir Hussain,1779523,0,178,0.2197806541867039,0.018137354799266356
Navonil Majumder,198/3608,0,90,0.2189911621378557,0.009170572651314449
Iti Chaturvedi,68/6526,0,88,0.235192482654579,0.008966782147951905
Devamanyu Hazarika,188/5874,0,100,0.1831645718255151,0.010189525168127165
Meng-Hiot Lim,43/5957,0,164,0.2553592891012449,0.016710821275728552
Zhuo Zhang 0001,16/1234-1,0,150,0.2734139756806232,0.015284287752190748
Kai Keng Ang,8980,0,393,0.2627061279638535,0.040044833910739756
Ngan Meng Tan,51/1764,0,77,0.2452960177082609,0.007845934379457917
Tien Yin Wong,69/6707,0,105,0.2530419975951987,0.010699001426533523
Kok Soon Phua,73/9801,0,125,0.2492485990421843,0.012736906460158957
Lei Zhang 0006,64/5666-6,0,88,0.2307758043757437,0.008966782147951905
Chuanchu Wang,40/3865,0,142,0.2443225825666737,0.014469125738740575
Zhongkang Lu,224657,0,241,0.2662265722868696,0.024556755655186467
Kay Chen Tan,t/KayChenTan,0,121,0.2636305612797055,0.01232932545343387
Shi-Qing Xin,72/3380,0,152,0.2392188216090026,0.015488078255553291
Hong Qin,79/627,0,128,0.2264147265112297,0.013042592215202771
Zhongke Wu,60/657,0,88,0.2839255764076715,0.008966782147951905
Xianfeng Gu,g/XianfengGu,0,118,0.2342621326440783,0.012023639698390055
Feng Tian 0006,78/3204-6,0,82,0.2216925398019328,0.008355410637864276
Alvis Cheuk M. Fong,62/6025,0,100,0.1908727990946164,0.010189525168127165
David Zhang 0001,z/DavidZhang,0,90,0.2009973187091319,0.009170572651314449
Jie Zheng 0002,94/190-2,0,94,0.2565286323805451,0.009578153658039535
Geok See Ng,n/GeokSeeNg,0,84,0.2748764056628244,0.008559201141226819
Ming Gu 0001,76/2502-1,0,76,0.2266375350404349,0.0077440391277766455
Jiaguang Sun 0001,s/JiaGuangSun-1,0,76,0.2302715912051701,0.0077440391277766455
Siu Leung Chung,76/393,0,86,0.202048805852106,0.008762991644589362
Guiyuan Jiang,32/10216,0,111,0.1881924232463051,0.011310372936621153
Jigang Wu,21/1136,0,200,0.2324233403941247,0.02037905033625433
Duvindu Piyasena,228/2441,0,82,0.1928081004900441,0.008355410637864276
Yaochu Jin,j/YaochuJin,0,125,0.2472761780293639,0.012736906460158957
Pengfei Zhou,116/0674,0,77,0.2378827103635965,0.007845934379457917
Zhenjiang Li,35/203,0,163,0.2433377963882137,0.01660892602404728
Yuanqing Zheng,2935668,0,88,0.2186600340707649,0.008966782147951905
Yunhao Liu,27/2403,0,182,0.2295066822508457,0.018544935805991442
Hongxu Chen,147/5824,0,93,0.2483030806574457,0.009476258406358264
Jin Song Dong,33/6517,0,433,0.2608875204071497,0.04412064397799063
Sen Chen,180/8218,0,167,0.2046622798573022,0.017016507030772367
Guozhu Meng,134/8681,0,157,0.2437288460355275,0.01599755451395965
David Sanán,22/111,0,96,0.2362558529219002,0.009781944161402078
Ting Su,42/6896,0,133,0.2454800066678936,0.01355206847360913
Yuekang Li,204/3729,0,77,0.2497692018358135,0.007845934379457917
Fuyuan Zhang,2095611,0,96,0.19183852807134,0.009781944161402078
Bihuan Chen 0001,61/9197,0,141,0.2605486486593654,0.014367230487059303
Jinjian Wu,2248435,0,120,0.2449771125912782,0.012227430201752598
Leida Li,92/6630,0,109,0.2264889473285162,0.01110658243325861
Ke Gu 0001,13/9079-1,0,197,0.2502617639515601,0.020073364581210517
Xinfeng Zhang,2092080,0,105,0.2501812129915274,0.010699001426533523
Siwei Ma,40/5402,0,138,0.2501711477673163,0.014061544732015489
Ling Shao 0001,75/1281,0,88,0.2348549325416178,0.008966782147951905
Ee Ping Ong,o/EePingOng,0,225,0.2605049873860248,0.02292643162828612
Susu Yao,89/3136,0,202,0.2544189701282441,0.020582840839616874
Nan Guan,45/5411,0,128,0.2204585566512236,0.013042592215202771
Mengquan Li,172/2695,0,106,0.2269352961170911,0.010800896678214796
Lei Yang 0018,50/2484-18,0,111,0.2269270144115179,0.011310372936621153
Yaoyao Ye,55/7960,0,126,0.2269684289850864,0.012838801711840228
Edwin Hsing-Mean Sha,27/2376,0,111,0.2639326845884726,0.011310372936621153
Duo Liu,91/620,0,85,0.2270264347902305,0.00866109639290809
Jiang Xu 0001,20/4396-1,0,144,0.2225016656136406,0.014672916242103118
Xuan Wang 0001,34/4799-1,0,80,0.2223982134801292,0.008151620134501733
Xiaowen Wu,21/1340,0,107,0.2224539065182418,0.010902791929896067
Mahdi Nikdast,2342848,0,78,0.2223982134801292,0.00794782963113919
Kelvin C. K. Chan,228/2769,0,123,0.2345095055402177,0.012533115956796414
Xiangyu Xu,172/1282,0,80,0.2307758043757437,0.008151620134501733
Seungjun Nah,177/3248,0,179,0.2482931659840446,0.018239250050947627
Radu Timofte,24/8616,0,179,0.2482931659840446,0.018239250050947627
Sungyong Baik,243/2775,0,103,0.2369942087394013,0.01049521092317098
Seokil Hong,243/2738,0,103,0.2369942087394013,0.01049521092317098
Gyeongsik Moon,185/6852,0,103,0.2369942087394013,0.01049521092317098
Sanghyun Son,68/6424,0,179,0.2482931659840446,0.018239250050947627
Kyoung Mu Lee,17/4029,0,179,0.2482931659840446,0.018239250050947627
Jiahui Yu,185/1060,0,179,0.2482931659840446,0.018239250050947627
Munchurl Kim,84/4965,0,120,0.2466191024392962,0.012227430201752598
Se Young Chun,85/2542,0,103,0.2369942087394013,0.01049521092317098
Muhammad Haris,142/1614,0,103,0.2369942087394013,0.01049521092317098
Greg Shakhnarovich,17/1926,0,103,0.2369942087394013,0.01049521092317098
Norimichi Ukita,46/5881,0,103,0.2369942087394013,0.01049521092317098
Kuldeep Purohit,191/2655,0,103,0.2369942087394013,0.01049521092317098
A. N. Rajagopalan 0001,73/3473,0,103,0.2369942087394013,0.01049521092317098
Tiantong Guo,198/9637,0,120,0.2466191024392962,0.012227430201752598
Vishal Monga,73/1467,0,120,0.2466191024392962,0.012227430201752598
Yapeng Tian,176/4020,0,135,0.2362558529219002,0.013755858976971673
Yulun Zhang,166/2763,0,135,0.2362558529219002,0.013755858976971673
Shixiang Wu,205/3888,0,91,0.2307758043757437,0.009272467902995721
Eirikur Agustsson,143/7107,0,76,0.2307758043757437,0.0077440391277766455
Luc Van Gool,61/5017,0,76,0.2307758043757437,0.0077440391277766455
Ming-Hsuan Yang 0001,79/3711,0,76,0.2307758043757437,0.0077440391277766455
Bee Lim,203/8428,0,76,0.2307758043757437,0.0077440391277766455
Heewon Kim,97/9880,0,76,0.2307758043757437,0.0077440391277766455
Woong Bae,190/7538,0,76,0.2307758043757437,0.0077440391277766455
Jae Jun Yoo,141/8878,0,76,0.2307758043757437,0.0077440391277766455
Yoseob Han,173/4627,0,76,0.2307758043757437,0.0077440391277766455
Jong Chul Ye,15/5613,0,76,0.2307758043757437,0.0077440391277766455
Jae-Seok Choi,169/7657,0,76,0.2307758043757437,0.0077440391277766455
Wei Han 0002,82/1911-2,0,76,0.2307758043757437,0.0077440391277766455
Haichao Yu,205/3982,0,76,0.2307758043757437,0.0077440391277766455
Zhangyang Wang,119/4026,0,76,0.2307758043757437,0.0077440391277766455
Honghui Shi,176/5516,0,76,0.2307758043757437,0.0077440391277766455
Xinchao Wang,23/8015,0,76,0.2307758043757437,0.0077440391277766455
Yunjin Chen,134/3031,0,76,0.2307758043757437,0.0077440391277766455
Kai Zhang 0008,55/957-8,0,76,0.2307758043757437,0.0077440391277766455
Zhimin Tang,63/749,0,76,0.2307758043757437,0.0077440391277766455
Linkai Luo,58/817,0,76,0.2307758043757437,0.0077440391277766455
Shaohui Li,55/2211,0,76,0.2307758043757437,0.0077440391277766455
Min Fu,43/8387,0,76,0.2307758043757437,0.0077440391277766455
Lei Cao,17/6060,0,76,0.2307758043757437,0.0077440391277766455
Wen Heng,201/7460,0,76,0.2307758043757437,0.0077440391277766455
Giang Bui,158/5803,0,76,0.2307758043757437,0.0077440391277766455
Truc Le,182/7439,0,76,0.2307758043757437,0.0077440391277766455
Ye Duan,35/1832,0,76,0.2307758043757437,0.0077440391277766455
Ruxin Wang,149/7989,0,76,0.2307758043757437,0.0077440391277766455
Xu Lin,33/3328,0,76,0.2307758043757437,0.0077440391277766455
Jianxin Pang,41/813,0,76,0.2307758043757437,0.0077440391277766455
Jinchang Xu,205/3875,0,76,0.2307758043757437,0.0077440391277766455
Yu Zhao,57/2056,0,76,0.2307758043757437,0.0077440391277766455
Jin-shan Pan,06/10816,0,76,0.2307758043757437,0.0077440391277766455
Deqing Sun,69/4250,0,76,0.2307758043757437,0.0077440391277766455
Yujin Zhang,47/3138,0,76,0.2307758043757437,0.0077440391277766455
Xibin Song,146/4830,0,79,0.2307672399949682,0.00804972488282046
Yuchao Dai,65/7804,0,76,0.2307758043757437,0.0077440391277766455
Xueying Qin,94/6767,0,79,0.2307672399949682,0.00804972488282046
Xuan-Phung Huynh,175/3790,0,76,0.2307758043757437,0.0077440391277766455
Hojjat Seyed Mousavi,117/0303,0,76,0.2307758043757437,0.0077440391277766455
Tiep Huu Vu,159/2041,0,76,0.2307758043757437,0.0077440391277766455
Cristóvão Cruz,141/6253,0,76,0.2307758043757437,0.0077440391277766455
Karen O. Egiazarian,e/KOEgiazarian,0,76,0.2307758043757437,0.0077440391277766455
Vladimir Katkovnik,51/956,0,76,0.2307758043757437,0.0077440391277766455
Rakesh Mehta,135/3263,0,76,0.2307758043757437,0.0077440391277766455
Arnav Kumar Jain,190/7826,0,76,0.2307758043757437,0.0077440391277766455
Abhinav Agarwalla,190/7006,0,76,0.2307758043757437,0.0077440391277766455
Ch V. Sai Praveen,205/3931,0,76,0.2307758043757437,0.0077440391277766455
Ruofan Zhou,205/3902,0,76,0.2307758043757437,0.0077440391277766455
Hongdiao Wen,195/5685,0,76,0.2307758043757437,0.0077440391277766455
Che Zhu,205/3914,0,76,0.2307758043757437,0.0077440391277766455
Zhiqiang Xia,185/1067,0,76,0.2307758043757437,0.0077440391277766455
Zhengtao Wang,185/0907,0,76,0.2307758043757437,0.0077440391277766455
Qi Guo,67/398,0,76,0.2307758043757437,0.0077440391277766455
Kai Han 0003,51/4757-3,0,92,0.2068751762893211,0.009374363154676992
Sreenatha G. Anavatti,55/4292,0,111,0.2150528808197964,0.011310372936621153
Edwin Lughofer,04/1538,0,164,0.2145039169652079,0.016710821275728552
Meng Joo Er,73/4145,0,77,0.2528465030254305,0.007845934379457917
Di Wang 0004,18/5410-4,0,103,0.2801015337344331,0.01049521092317098
Yin Leng Theng,78/4473,0,206,0.3135939305514355,0.02099042184634196
David Atienza,a/DavidAtienza,0,120,0.1971983017443444,0.012227430201752598
Dion Hoe-Lian Goh,990691,0,163,0.2738353905629916,0.01660892602404728
Sanjay Kumar Madria,m/SanjayKumarMadria,0,148,0.2669924452084334,0.015080497248828205
Haibo He,51/4299,0,84,0.2363276850450142,0.008559201141226819
Abhishek Gupta 0001,18/6404-1,0,164,0.2646290768960939,0.016710821275728552
Zhu Sun,163/5129,0,96,0.2598626791301105,0.009781944161402078
Roshan Lalintha Peiris,37/5474,0,77,0.2207402928258578,0.007845934379457917
Nimesha Ranasinghe,47/7598,0,81,0.2206776225745054,0.008253515386183003
Jianliang Xu,x/JianliangXu,0,102,0.2585337622195415,0.010393315671489708
Chew-Hung Chang,16/1325,0,137,0.2692467654862271,0.013959649480334216
Kalyani Chatterjea,224685,0,116,0.264449011180761,0.011819849195027512
David K. Y. Yau,47/5905,0,119,0.2274000383581793,0.012125534950071327
Guoliang Xing,63/4542,0,151,0.2149562378631227,0.01538618300387202
Guibing Guo,84/10716,0,104,0.2552963849778057,0.010597106174852253
Robin Cohen,24/441,0,82,0.2488197370615187,0.008355410637864276
Yiyu Cai,16/6533,0,117,0.2015837536520379,0.011921744446708783
Ping Wang 0001,37/1304-1,0,1044,0.2862652632770653,0.10637864275524761
Haizhou Li 0001,36/4118,0,828,0.2886974348346912,0.08436926839209292
Zhu Han,83/514,0,598,0.2516085639275072,0.06093336050540045
Jun Sun 0001,s/JunSun1,0,549,0.2849012209706045,0.055940493173018135
Dong In Kim,86/1369,0,523,0.2306302963023668,0.053291216629305076
Zehui Xiong,174/9863,0,442,0.2387595626211186,0.04503770124312207
Jin Song Dong,33/6517,0,433,0.2608875204071497,0.04412064397799063
Xiong Xiao,96/6014,0,406,0.2531140981358902,0.04136947218259629
Kai Keng Ang,8980,0,393,0.2627061279638535,0.040044833910739756
Dinh Thai Hoang,37/8852,0,391,0.2373107678091979,0.039841043407377215
Cyril Leung,76/3131,0,390,0.3166439580865879,0.039739148155695944
Stephen John Turner,t/StephenJohnTurner,0,369,0.2798998041458594,0.03759934787038924
Bin Ma,70/6176,0,331,0.2794469732565348,0.033727328306500916
Haihua Xu,26/1181,0,316,0.2511614043502873,0.03219889953128184
Soujanya Poria,116/4904,0,296,0.246844271720234,0.03016099449765641
Malcolm Yoke-Hean Low,l/MalcolmYokeHeanLow,0,252,0.26917683428875,0.025677603423680456
Xiaokang Yang,427852,0,250,0.2708652719825941,0.025473812920317914
Zhongkang Lu,224657,0,241,0.2662265722868696,0.024556755655186467
Ekram Hossain,45/1224,0,240,0.2375101810054778,0.024454860403505196
Xiao Lu 0001,37/4424-1,0,230,0.2382746694602603,0.02343590788669248
Ee Ping Ong,o/EePingOng,0,225,0.2605049873860248,0.02292643162828612
Adrian David Cheok,c/AdrianDavidCheok,0,221,0.228545062073817,0.022518850621561035
Suiping Zhou,22/2383,0,212,0.2810510304589566,0.021601793356429592
Yin Leng Theng,78/4473,0,206,0.3135939305514355,0.02099042184634196
Van Tung Pham,148/9588,0,202,0.2501510197483471,0.020582840839616874
Susu Yao,89/3136,0,202,0.2544189701282441,0.020582840839616874
Jigang Wu,21/1136,0,200,0.2324233403941247,0.02037905033625433
Ke Gu 0001,13/9079-1,0,197,0.2502617639515601,0.020073364581210517
Chuan Heng Foh,17/6484,0,185,0.2860940441179854,0.018850621561035254
Yunhao Liu,27/2403,0,182,0.2295066822508457,0.018544935805991442
Liang Feng,1381166,0,180,0.2561904271961278,0.018341145302628897
Seungjun Nah,177/3248,0,179,0.2482931659840446,0.018239250050947627
Sanghyun Son,68/6424,0,179,0.2482931659840446,0.018239250050947627
Jiahui Yu,185/1060,0,179,0.2482931659840446,0.018239250050947627
Radu Timofte,24/8616,0,179,0.2482931659840446,0.018239250050947627
Kyoung Mu Lee,17/4029,0,179,0.2482931659840446,0.018239250050947627
Amir Hussain,1779523,0,178,0.2197806541867039,0.018137354799266356
Wei Zhang 0012,10/4661-12,0,178,0.2713972612126577,0.018137354799266356
Shimin Gong,92/3836,0,172,0.2379555353170218,0.017525983289178725
Ying-Chang Liang,98/153,0,170,0.2387228980691191,0.01732219278581618
Haihong Zhang,43/3254,0,168,0.2605704847847978,0.017118402282453638
Sen Chen,180/8218,0,167,0.2046622798573022,0.017016507030772367
Milind Tambe,67/2667,0,166,0.235763186688319,0.016914611779091093
Shaohan Feng,199/1893,0,165,0.1921052256450435,0.016812716527409823
Abhishek Gupta 0001,18/6404-1,0,164,0.2646290768960939,0.016710821275728552
Meng-Hiot Lim,43/5957,0,164,0.2553592891012449,0.016710821275728552
Edwin Lughofer,04/1538,0,164,0.2145039169652079,0.016710821275728552
Zhenjiang Li,35/203,0,163,0.2433377963882137,0.01660892602404728
Dion Hoe-Lian Goh,990691,0,163,0.2738353905629916,0.01660892602404728
Yang Zhang 0025,06/6785-25,0,163,0.2409335522067656,0.01660892602404728
Lizhen Cui,82/5713,0,162,0.2807084709689605,0.016507030772366007
A. Prasad Vinod,92/249,0,159,0.258211695411694,0.01620134501732219
Yang Liu 0165,51/3710-165,0,158,0.2376190931600143,0.01609944976564092
Guozhu Meng,134/8681,0,157,0.2437288460355275,0.01599755451395965
Shivam Bhasin,94/7837,0,154,0.2173530724214203,0.015691868758915834
Shi-Qing Xin,72/3380,0,152,0.2392188216090026,0.015488078255553291
Guoliang Xing,63/4542,0,151,0.2149562378631227,0.01538618300387202
Zhuo Zhang 0001,16/1234-1,0,150,0.2734139756806232,0.015284287752190748
Sanjay Kumar Madria,m/SanjayKumarMadria,0,148,0.2669924452084334,0.015080497248828205
Chenglin Xu,125/2814,0,148,0.2471287675425011,0.015080497248828205
A. Benjamin Premkumar,81/2641,0,148,0.2390900510959863,0.015080497248828205
Yinxing Xue,73/7055,0,146,0.2679358001079117,0.014876706745465661
Guangtao Zhai,19/3230,0,144,0.2645615235238433,0.014672916242103118
Jiang Xu 0001,20/4396-1,0,144,0.2225016656136406,0.014672916242103118
Jiawen Kang,145/4239,0,144,0.2210384632768524,0.014672916242103118
Chuanchu Wang,40/3865,0,142,0.2443225825666737,0.014469125738740575
Bihuan Chen 0001,61/9197,0,141,0.2605486486593654,0.014367230487059303
Chongjia Ni,48/9230,0,139,0.2497792347420933,0.01416343998369676
Lei Xie 0001,70/1741-1,0,139,0.2486108287583725,0.01416343998369676
Rainer Leupers,14/6306,0,139,0.2166186180207766,0.01416343998369676
Siwei Ma,40/5402,0,138,0.2501711477673163,0.014061544732015489
Chew-Hung Chang,16/1325,0,137,0.2692467654862271,0.013959649480334216
Yapeng Tian,176/4020,0,135,0.2362558529219002,0.013755858976971673
Yulun Zhang,166/2763,0,135,0.2362558529219002,0.013755858976971673
Ting Su,42/6896,0,133,0.2454800066678936,0.01355206847360913
Gerd Ascheid,1255006,0,132,0.2166110721741879,0.013450173221927857
Kong-Aik Lee,35/4621,0,129,0.2469913429021454,0.013144487466884043
Nan Guan,45/5411,0,128,0.2204585566512236,0.013042592215202771
Hong Qin,79/627,0,128,0.2264147265112297,0.013042592215202771
Yaoyao Ye,55/7960,0,126,0.2269684289850864,0.012838801711840228
Yaochu Jin,j/YaochuJin,0,125,0.2472761780293639,0.012736906460158957
Kok Soon Phua,73/9801,0,125,0.2492485990421843,0.012736906460158957
Mohammad Abu Alsheikh,146/0878,0,124,0.1924858086644301,0.012635011208477685
Kelvin C. K. Chan,228/2769,0,123,0.2345095055402177,0.012533115956796414
Michael Harold Lees,97/1049,0,123,0.268549084383693,0.012533115956796414
Wen Gao 0001,g/WenGao,0,121,0.2759988481537689,0.01232932545343387
Kay Chen Tan,t/KayChenTan,0,121,0.2636305612797055,0.01232932545343387
David Atienza,a/DavidAtienza,0,120,0.1971983017443444,0.012227430201752598
Vishal Monga,73/1467,0,120,0.2466191024392962,0.012227430201752598
Munchurl Kim,84/4965,0,120,0.2466191024392962,0.012227430201752598
Jinjian Wu,2248435,0,120,0.2449771125912782,0.012227430201752598
Tiantong Guo,198/9637,0,120,0.2466191024392962,0.012227430201752598
Wei Rao,68/2031,0,119,0.2467854922770335,0.012125534950071327
David K. Y. Yau,47/5905,0,119,0.2274000383581793,0.012125534950071327
Xianfeng Gu,g/XianfengGu,0,118,0.2342621326440783,0.012023639698390055
Hanwu Sun,22/1460,0,118,0.2506349878639425,0.012023639698390055
Yiyu Cai,16/6533,0,117,0.2015837536520379,0.011921744446708783
Kalyani Chatterjea,224685,0,116,0.264449011180761,0.011819849195027512
Zengxiang Li,95/6812,0,113,0.2797612835247408,0.011514163439983696
Alexander F. Gelbukh,g/AlexanderFGelbukh,0,112,0.2427772634562298,0.011412268188302425
Edwin Hsing-Mean Sha,27/2376,0,111,0.2639326845884726,0.011310372936621153
Guiyuan Jiang,32/10216,0,111,0.1881924232463051,0.011310372936621153
Lei Yang 0018,50/2484-18,0,111,0.2269270144115179,0.011310372936621153
Wen-Jing Hsu,26/4850,0,111,0.2657600670529282,0.011310372936621153
Sreenatha G. Anavatti,55/4292,0,111,0.2150528808197964,0.011310372936621153
Leida Li,92/6630,0,109,0.2264889473285162,0.01110658243325861
Lei Wang 0020,w/LeiWang20,0,108,0.2496087848789504,0.011004687181577339
Wei Yang Bryan Lim,249/5315,0,108,0.226077224101233,0.011004687181577339
Xiaowen Wu,21/1340,0,107,0.2224539065182418,0.010902791929896067
Linbo Luo,53/803,0,107,0.2535579044570386,0.010902791929896067
Wenbo Wang 0004,28/4847-4,0,107,0.1925096451783045,0.010902791929896067
Francois P. S. Chin,c/FrancoisPSChin,0,107,0.2118872133064508,0.010902791929896067
Min Wu 0008,16/0-8,0,106,0.2427677851528232,0.010800896678214796
Mengquan Li,172/2695,0,106,0.2269352961170911,0.010800896678214796
Cheung-Chi Leung,15/2133,0,106,0.2495286536478496,0.010800896678214796
Xinfeng Zhang,2092080,0,105,0.2501812129915274,0.010699001426533523
Tien Yin Wong,69/6707,0,105,0.2530419975951987,0.010699001426533523
Alok Prakash,58/7646,0,105,0.2319292099848724,0.010699001426533523
Guibing Guo,84/10716,0,104,0.2552963849778057,0.010597106174852253
Wenjun Zhang 0001,46/3359-1,0,104,0.2629505264252543,0.010597106174852253
Muhammad Haris,142/1614,0,103,0.2369942087394013,0.01049521092317098
Kuldeep Purohit,191/2655,0,103,0.2369942087394013,0.01049521092317098
A. N. Rajagopalan 0001,73/3473,0,103,0.2369942087394013,0.01049521092317098
Gyeongsik Moon,185/6852,0,103,0.2369942087394013,0.01049521092317098
Norimichi Ukita,46/5881,0,103,0.2369942087394013,0.01049521092317098
Seokil Hong,243/2738,0,103,0.2369942087394013,0.01049521092317098
Di Wang 0004,18/5410-4,0,103,0.2801015337344331,0.01049521092317098
Greg Shakhnarovich,17/1926,0,103,0.2369942087394013,0.01049521092317098
Se Young Chun,85/2542,0,103,0.2369942087394013,0.01049521092317098
Sungyong Baik,243/2775,0,103,0.2369942087394013,0.01049521092317098
Jianliang Xu,x/JianliangXu,0,102,0.2585337622195415,0.010393315671489708
Alvis Cheuk M. Fong,62/6025,0,100,0.1908727990946164,0.010189525168127165
Devamanyu Hazarika,188/5874,0,100,0.1831645718255151,0.010189525168127165
Heinrich Meyr,72/1999,0,99,0.216543183204639,0.010087629916445894
Alois C. Knoll,k/AloisKnoll,0,97,0.2378554124968218,0.00988383941308335
Haifeng Shen,39/4885,0,97,0.256084920883964,0.00988383941308335
Fuyuan Zhang,2095611,0,96,0.19183852807134,0.009781944161402078
David Sanán,22/111,0,96,0.2362558529219002,0.009781944161402078
Zhu Sun,163/5129,0,96,0.2598626791301105,0.009781944161402078
Hui Fang 0002,03/2511-2,0,96,0.2924448125337165,0.009781944161402078
Jie Zheng 0002,94/190-2,0,94,0.2565286323805451,0.009578153658039535
Boon-Ping Gan,20/4420,0,94,0.2499398709314849,0.009578153658039535
Hongxu Chen,147/5824,0,93,0.2483030806574457,0.009476258406358264
Tomi Kinnunen,94/4754,0,93,0.2467071632177906,0.009476258406358264
Kai Han 0003,51/4757-3,0,92,0.2068751762893211,0.009374363154676992
Bertil Schmidt,80/1737,0,92,0.2444954998979441,0.009374363154676992
Chenwei Deng,73/8538,0,92,0.2882691599325211,0.009374363154676992
Yuan Miao 0001,74/1798-1,0,91,0.2723362698245703,0.009272467902995721
Shixiang Wu,205/3888,0,91,0.2307758043757437,0.009272467902995721
David Zhang 0001,z/DavidZhang,0,90,0.2009973187091319,0.009170572651314449
Navonil Majumder,198/3608,0,90,0.2189911621378557,0.009170572651314449
Jinghui Zhong,56/443,0,90,0.2686535059580235,0.009170572651314449
Rajendra Prasad Sirigina,82/8861,0,90,0.199239155684217,0.009170572651314449
Xiaohai Tian,153/0728,0,89,0.282301450442839,0.009068677399633178
Xiaohong Li 0001,08/2489-1,0,89,0.258738153742954,0.009068677399633178
Debdeep Mukhopadhyay,85/3079,0,89,0.2293373920817442,0.009068677399633178
Yuanqing Zheng,2935668,0,88,0.2186600340707649,0.008966782147951905
Zhongke Wu,60/657,0,88,0.2839255764076715,0.008966782147951905
Ling Shao 0001,75/1281,0,88,0.2348549325416178,0.008966782147951905
Walid Saad,41/6237,0,88,0.226455954292014,0.008966782147951905
Iti Chaturvedi,68/6526,0,88,0.235192482654579,0.008966782147951905
Lei Zhang 0006,64/5666-6,0,88,0.2307758043757437,0.008966782147951905
Mehdi Bennis,630289,0,88,0.2372292861629946,0.008966782147951905
Siu Leung Chung,76/393,0,86,0.202048805852106,0.008762991644589362
Nancy F. Chen,84/8761,0,86,0.2496288257288002,0.008762991644589362
Siwei Jiang,1095942,0,86,0.2843150312699197,0.008762991644589362
Duo Liu,91/620,0,85,0.2270264347902305,0.00866109639290809
Jing Xu 0005,07/1951-5,0,85,0.1917025017388912,0.00866109639290809
Haibo He,51/4299,0,84,0.2363276850450142,0.008559201141226819
Geok See Ng,n/GeokSeeNg,0,84,0.2748764056628244,0.008559201141226819
Yuze Zou,172/5484,0,84,0.1937090448554379,0.008559201141226819
Yong Xiao,28/6937,0,83,0.1916552334382621,0.008457305889545547
Karl Aberer,a/KarlAberer,0,83,0.2687115530402495,0.008457305889545547
David Chen 0002,25/3482-2,0,83,0.2244289908291916,0.008457305889545547
Daniel Thalmann,t/DanielThalmann,0,83,0.2787454746684783,0.008457305889545547
Duvindu Piyasena,228/2441,0,82,0.1928081004900441,0.008355410637864276
Robin Cohen,24/441,0,82,0.2488197370615187,0.008355410637864276
Feng Tian 0006,78/3204-6,0,82,0.2216925398019328,0.008355410637864276
Yutao Jiao,159/1492,0,82,0.1989204750129371,0.008355410637864276
Nimesha Ranasinghe,47/7598,0,81,0.2206776225745054,0.008253515386183003
Xuan Wang 0001,34/4799-1,0,80,0.2223982134801292,0.008151620134501733
Xiangyu Xu,172/1282,0,80,0.2307758043757437,0.008151620134501733
Nguyen H. Tran,03/1312,0,80,0.2295490438519109,0.008151620134501733
Xibin Song,146/4830,0,79,0.2307672399949682,0.00804972488282046
Xueying Qin,94/6767,0,79,0.2307672399949682,0.00804972488282046
Terence Hung,23/6574,0,79,0.2681206471586932,0.00804972488282046
Tian Huat Tan,2908122,0,78,0.2386221285891405,0.00794782963113919
Mahdi Nikdast,2342848,0,78,0.2223982134801292,0.00794782963113919
Debjyoti Bhattacharjee,160/7918,0,78,0.2191995928124793,0.00794782963113919
David Kammler,20/3849,0,78,0.2165054854950877,0.00794782963113919
Yuekang Li,204/3729,0,77,0.2497692018358135,0.007845934379457917
Roshan Lalintha Peiris,37/5474,0,77,0.2207402928258578,0.007845934379457917
Pengfei Zhou,116/0674,0,77,0.2378827103635965,0.007845934379457917
Guang-Bin Huang,95/5912,0,77,0.255264944536306,0.007845934379457917
Meng Joo Er,73/4145,0,77,0.2528465030254305,0.007845934379457917
Ngan Meng Tan,51/1764,0,77,0.2452960177082609,0.007845934379457917
Xinchao Wang,23/8015,0,76,0.2307758043757437,0.0077440391277766455
Yunjin Chen,134/3031,0,76,0.2307758043757437,0.0077440391277766455
Ruxin Wang,149/7989,0,76,0.2307758043757437,0.0077440391277766455
Jong Chul Ye,15/5613,0,76,0.2307758043757437,0.0077440391277766455
Ye Duan,35/1832,0,76,0.2307758043757437,0.0077440391277766455
Truc Le,182/7439,0,76,0.2307758043757437,0.0077440391277766455
Giang Bui,158/5803,0,76,0.2307758043757437,0.0077440391277766455
Jae-Seok Choi,169/7657,0,76,0.2307758043757437,0.0077440391277766455
Wen Heng,201/7460,0,76,0.2307758043757437,0.0077440391277766455
Wei Han 0002,82/1911-2,0,76,0.2307758043757437,0.0077440391277766455
Lei Cao,17/6060,0,76,0.2307758043757437,0.0077440391277766455
Min Fu,43/8387,0,76,0.2307758043757437,0.0077440391277766455
Haichao Yu,205/3982,0,76,0.2307758043757437,0.0077440391277766455
Zhangyang Wang,119/4026,0,76,0.2307758043757437,0.0077440391277766455
Shaohui Li,55/2211,0,76,0.2307758043757437,0.0077440391277766455
Linkai Luo,58/817,0,76,0.2307758043757437,0.0077440391277766455
Zhimin Tang,63/749,0,76,0.2307758043757437,0.0077440391277766455
Jiaguang Sun 0001,s/JiaGuangSun-1,0,76,0.2302715912051701,0.0077440391277766455
Honghui Shi,176/5516,0,76,0.2307758043757437,0.0077440391277766455
Kai Zhang 0008,55/957-8,0,76,0.2307758043757437,0.0077440391277766455
Jin-shan Pan,06/10816,0,76,0.2307758043757437,0.0077440391277766455
Jianxin Pang,41/813,0,76,0.2307758043757437,0.0077440391277766455
Vladimir Katkovnik,51/956,0,76,0.2307758043757437,0.0077440391277766455
Qi Guo,67/398,0,76,0.2307758043757437,0.0077440391277766455
Zhengtao Wang,185/0907,0,76,0.2307758043757437,0.0077440391277766455
Zhiqiang Xia,185/1067,0,76,0.2307758043757437,0.0077440391277766455
Che Zhu,205/3914,0,76,0.2307758043757437,0.0077440391277766455
Hongdiao Wen,195/5685,0,76,0.2307758043757437,0.0077440391277766455
Ruofan Zhou,205/3902,0,76,0.2307758043757437,0.0077440391277766455
Ch V. Sai Praveen,205/3931,0,76,0.2307758043757437,0.0077440391277766455
Abhinav Agarwalla,190/7006,0,76,0.2307758043757437,0.0077440391277766455
Arnav Kumar Jain,190/7826,0,76,0.2307758043757437,0.0077440391277766455
Rakesh Mehta,135/3263,0,76,0.2307758043757437,0.0077440391277766455
Karen O. Egiazarian,e/KOEgiazarian,0,76,0.2307758043757437,0.0077440391277766455
Ming Gu 0001,76/2502-1,0,76,0.2266375350404349,0.0077440391277766455
Cristóvão Cruz,141/6253,0,76,0.2307758043757437,0.0077440391277766455
Tiep Huu Vu,159/2041,0,76,0.2307758043757437,0.0077440391277766455
Hojjat Seyed Mousavi,117/0303,0,76,0.2307758043757437,0.0077440391277766455
Xuan-Phung Huynh,175/3790,0,76,0.2307758043757437,0.0077440391277766455
Yuchao Dai,65/7804,0,76,0.2307758043757437,0.0077440391277766455
Yujin Zhang,47/3138,0,76,0.2307758043757437,0.0077440391277766455
Deqing Sun,69/4250,0,76,0.2307758043757437,0.0077440391277766455
Jae Jun Yoo,141/8878,0,76,0.2307758043757437,0.0077440391277766455
Yu Zhao,57/2056,0,76,0.2307758043757437,0.0077440391277766455
Jinchang Xu,205/3875,0,76,0.2307758043757437,0.0077440391277766455
Yoseob Han,173/4627,0,76,0.2307758043757437,0.0077440391277766455
Xu Lin,33/3328,0,76,0.2307758043757437,0.0077440391277766455
Ming-Hsuan Yang 0001,79/3711,0,76,0.2307758043757437,0.0077440391277766455
Woong Bae,190/7538,0,76,0.2307758043757437,0.0077440391277766455
Heewon Kim,97/9880,0,76,0.2307758043757437,0.0077440391277766455
Bee Lim,203/8428,0,76,0.2307758043757437,0.0077440391277766455
Eirikur Agustsson,143/7107,0,76,0.2307758043757437,0.0077440391277766455
Luc Van Gool,61/5017,0,76,0.2307758043757437,0.0077440391277766455
Heiko Aydt,1432634,0,75,0.2422193069844349,0.007642143876095374
Sathursan Kanagarajah,264/0168,0,74,0.1614753446961597,0.007540248624414102
Teck Meng Lim,62/411,0,73,0.2267532381177994,0.007438353372732831
Kening Zhu,33/7597,0,73,0.22069328680098,0.007438353372732831
Qiong Wu 0001,54/4158-1,0,73,0.2739560335229718,0.007438353372732831
Agustina,94/957,0,73,0.2368227158054771,0.007438353372732831
Zhizheng Wu,29/8054,0,73,0.2411110526911366,0.007438353372732831
David Eckhoff,42/9851,0,73,0.2340769451874426,0.007438353372732831
Chao Li,66/190,0,72,0.2248347271542254,0.007336458121051559
Van Hai Do,125/2874,0,72,0.2481346388230013,0.007336458121051559
Prasanna Ravi,153/2475,0,72,0.2172695335046965,0.007336458121051559
Zhou Wang,28/2295,0,72,0.250020266531479,0.007336458121051559
Minghui Dong,32/6402,0,72,0.2716818441499656,0.007336458121051559
Étienne André,49/2992,0,72,0.2378736103785017,0.007336458121051559
Jie Fu,16/7565,0,72,0.2187908254074246,0.007336458121051559
Sunil Sivadas,73/9244,0,71,0.2497290782692535,0.0072345628693702875
Philipp Andelfinger,17/8472,0,71,0.2080518619146284,0.0072345628693702875
Xiao Lin 0001,09/1280-1,0,71,0.2543669331957954,0.0072345628693702875
Jakub Breier,05/10163,0,71,0.2164376626837596,0.0072345628693702875
Choong Seon Hong,73/1778,0,71,0.2200762360256384,0.0072345628693702875
Damon Wing Kee Wong,20/5565,0,71,0.2344741345740729,0.0072345628693702875
Farhad Merchant,141/0649,0,71,0.2165884377883808,0.0072345628693702875
Jiang Liu 0001,23/108-1,0,70,0.2528979196723773,0.007132667617689016
Dan Chen 0001,80/1035-1,0,70,0.2638878818920562,0.007132667617689016
Hwee Pink Tan,43/4600,0,70,0.2222551307779117,0.007132667617689016
David Sun,36/1075,0,69,0.2203257644086176,0.007030772366007744
Xinrun Wang,199/6413,0,69,0.2378190250852646,0.007030772366007744
Anthony Larcher,44/5405,0,69,0.2467267408207124,0.007030772366007744
Insik Shin,45/4154,0,69,0.1804327553870648,0.007030772366007744
Xiang-Yang Li 0001,l/XiangYangLi,0,69,0.2196486771071852,0.007030772366007744
S. K. Nandy,n/SKNandy,0,69,0.2164225967180987,0.007030772366007744
Hesuan Hu,96/7595,0,69,0.2358794495449667,0.007030772366007744
Chang Wen Chen,29/4638,0,68,0.2592883849930954,0.006928877114326473
Subhamoy Maitra,35/4372,0,68,0.2172012312307246,0.006928877114326473
Thi Nhu Quynh Kim,25/3032,0,67,0.2607781106690884,0.006826981862645201
Haijun Wang,46/1165,0,67,0.2228605135439902,0.006826981862645201
Haiyun Peng,201/5229,0,67,0.1888382291871728,0.006826981862645201
Nicolas Privault,83/9836,0,67,0.1922358811915916,0.006826981862645201
Rong Tong,09/1880,0,67,0.2518735437825832,0.006826981862645201
Feng Li 0002,92/2954-2,0,66,0.2336108666655802,0.006725086610963929
Mahinthan Chandramohan,45/8423,0,66,0.2715987791615817,0.006725086610963929
Tran Huy Dat,350390,0,66,0.2500403735133867,0.006725086610963929
Yerbolat Khassanov,142/3161,0,66,0.2348017237059401,0.006725086610963929
Xiao Liu,82/1364,0,65,0.2613150970290979,0.006623191359282657
Schubert Foo,f/SchubertFoo,0,65,0.250020266531479,0.006623191359282657
Hang Lv 0001,35/9853-1,0,65,0.2479268788686421,0.006623191359282657
Hengjie Song,65/657,0,65,0.2756440466733638,0.006623191359282657
Dilip K. Prasad,93/8841,0,65,0.2402725675774503,0.006623191359282657
See-Kiong Ng,00/5480,0,65,0.2905590415823753,0.006623191359282657
Hai Jiang 0001,15/5983-1,0,64,0.2372564404938919,0.0065212961076013855
Md Meftahul Ferdaus,203/0155,0,64,0.2071646471516662,0.0065212961076013855
Rodolfo Zunino,23/3610,0,64,0.2162494887464585,0.0065212961076013855
Ville Hautamäki,75/5713,0,64,0.2466973755813859,0.0065212961076013855
Trung Ngo Trong,176/5378,0,64,0.2466973755813859,0.0065212961076013855
Matthew A. Garratt,38/616,0,64,0.2071577455743217,0.0065212961076013855
Ivan Kukanov,173/6521,0,64,0.2466973755813859,0.0065212961076013855
Simon See,62/6547,0,63,0.2672104356883852,0.006419400855920114
Xinyi Zhang,836133,0,63,0.2414387128287483,0.006419400855920114
Shengchao Qin,q/ShengchaoQin,0,63,0.2747185354055407,0.006419400855920114
Angela Goh,g/AngelaGoh,0,63,0.2840682525767206,0.006419400855920114
Anoop Kumar Krishna,56/954,0,63,0.199175337889315,0.006419400855920114
Abhik Banerjee,305496,0,63,0.2559584279618183,0.006419400855920114
Hongfei Fan,17/7704,0,63,0.2481346388230013,0.006419400855920114
Goutam Paul 0001,67/1220,0,63,0.2164678009087382,0.006419400855920114
Wenjie Zhang 0003,98/5684-3,0,63,0.2090661348520463,0.006419400855920114
Paolo Gastaldo,42/312,0,62,0.2162269298596708,0.006317505604238842
Yabin Zhang,70/6124,0,62,0.2571439107147636,0.006317505604238842
Subhasish Mitra,30/4561,0,62,0.1880273970821691,0.006317505604238842
H.-S. Philip Wong,48/6697,0,62,0.1880273970821691,0.006317505604238842
Tony F. Wu,161/0817,0,62,0.1880273970821691,0.006317505604238842
Songzheng Song,61/8725,0,61,0.2637983221154087,0.006215610352557571
Yuan Liu 0002,87/2948-2,0,61,0.281025627012447,0.006215610352557571
Long Xu,37/5269,0,61,0.2451509579698172,0.006215610352557571
Ranjani Narayan,56/10,0,61,0.2164075328497394,0.006215610352557571
Victor R. Lesser,l/VRLesser,0,61,0.2725391851728793,0.006215610352557571
Runsheng Yu,210/2646,0,60,0.1906153531023363,0.006113715100876299
Insup Lee,l/InsupLee,0,60,0.1527526296773217,0.006113715100876299
Xin Peng 0001,14/6370-1,0,60,0.2482931659840446,0.006113715100876299
Weiwen Zhang,23/2548,0,60,0.2549927847496274,0.006113715100876299
Manman Chen,129/8204,0,60,0.2383842840293047,0.006113715100876299
Zhehui Wang,2951678,0,60,0.2224141229309827,0.006113715100876299
Kun Zhu 0001,95/1161-1,0,60,0.2379282207348159,0.006113715100876299
Si Miao,243/9317,0,59,0.2248347271542254,0.0060118198491950275
Yongxin Zhu 0001,27/3343-1,0,59,0.2248347271542254,0.0060118198491950275
Xiao Huo,183/4316,0,59,0.2248347271542254,0.0060118198491950275
Anuj Badhwar,263/1766,0,59,0.2248347271542254,0.0060118198491950275
Chunhua Xiao,49/4409,0,59,0.1867287483530348,0.0060118198491950275
Ajay Pratap Singh,239/4362,0,59,0.2248347271542254,0.0060118198491950275
Avinash Upadhyay,230/2092,0,59,0.2248347271542254,0.0060118198491950275
Ankit Shukla,218/5708,0,59,0.2248347271542254,0.0060118198491950275
Rudrabha Mukhopadhyay,218/8868,0,59,0.2248347271542254,0.0060118198491950275
Santanu Chaudhury,31/2344,0,59,0.2248347271542254,0.0060118198491950275
Dheeraj Khanna,263/1760,0,59,0.2248347271542254,0.0060118198491950275
Megh Makwana,239/4041,0,59,0.2248347271542254,0.0060118198491950275
Meritxell Bach Cuadra,53/6044,0,59,0.0032776845256997,0.0060118198491950275
A. S. Mandal,18/6045,0,59,0.2248347271542254,0.0060118198491950275
M. Akin Yilmaz,254/8203,0,59,0.2248347271542254,0.0060118198491950275
Manoj Sharma,16/7689,0,59,0.2248347271542254,0.0060118198491950275
Shuhang Gu,126/1028,0,59,0.2248347271542254,0.0060118198491950275
Fatih Porikli,p/FatihMuratPorikli,0,59,0.2248347271542254,0.0060118198491950275
Yukang Ding,200/7992,0,59,0.2248347271542254,0.0060118198491950275
Dongliang He,167/0539,0,59,0.2248347271542254,0.0060118198491950275
Ratheesh Kalarot,124/2803,0,59,0.2248347271542254,0.0060118198491950275
Peng Yi,98/1202,0,59,0.2248347271542254,0.0060118198491950275
Zhongyuan Wang,84/6394,0,59,0.2248347271542254,0.0060118198491950275
Kui Jiang,124/2034,0,59,0.2248347271542254,0.0060118198491950275
Chonho Lee,66/6819,0,59,0.2554537034304664,0.0060118198491950275
Junjun Jiang,119/0230,0,59,0.2248347271542254,0.0060118198491950275
Jiayi Ma 0001,96/9989,0,59,0.2248347271542254,0.0060118198491950275
Hang Dong 0001,135/8614-1,0,59,0.2248347271542254,0.0060118198491950275
Zhe Hu,88/6765,0,59,0.2248347271542254,0.0060118198491950275
Dong Xu,582077,0,59,0.2619866883886418,0.0060118198491950275
Kwan-Young Kim,120/3921,0,59,0.2248347271542254,0.0060118198491950275
Yun Fu 0001,00/5815-1,0,59,0.2248347271542254,0.0060118198491950275
Chenliang Xu,117/4770,0,59,0.2248347271542254,0.0060118198491950275
A. Murat Tekalp,00/5029,0,59,0.2248347271542254,0.0060118198491950275
Shilei Wen,159/2939,0,59,0.2248347271542254,0.0060118198491950275
Cansu Korkmaz,263/1391,0,59,0.2248347271542254,0.0060118198491950275
Annamalai Narayanan,147/2783,0,59,0.2489990809636172,0.0060118198491950275
Dong Un Kang,254/2961,0,59,0.2248347271542254,0.0060118198491950275
Wan Du,28/9430,0,59,0.2405886423007202,0.0060118198491950275
Tarun Vatwani,177/6048,0,59,0.1845398281370018,0.0060118198491950275
Peng Chen 0027,27/7017-27,0,58,0.2179625661223461,0.005909924597513756
Virgil D. Gligor,20/2659,0,58,0.1999695796534736,0.005909924597513756
Yundong Cai,79/1730,0,58,0.2805438325695653,0.005909924597513756
Huiqi Li,40/4823,0,58,0.2423231381826278,0.005909924597513756
Frédérique E. Oggier,o/FrederiqueEOggier,0,58,0.184622013862546,0.005909924597513756
Boon-Chong Seet,80/3549,0,58,0.2640335462997076,0.005909924597513756
Zhiping Zeng,45/3333,0,57,0.2409708990081152,0.005808029345832484
Effie Chew,120/8258,0,57,0.2434711843737045,0.005808029345832484
Aung Aung Phyo Wai,08/162,0,57,0.2491088073433384,0.005808029345832484
Xu He,89/3991,0,57,0.1903178174304292,0.005808029345832484
Khasfariyati Razikin,97/637,0,57,0.2607781106690884,0.005808029345832484
Shiqian Wu,38/808,0,57,0.2637088231087538,0.005808029345832484
Pao-Ann Hsiung,94/6830,0,57,0.2379009124226954,0.005808029345832484
Kok-Leong Ong,68/6119,0,57,0.2695151720225561,0.005808029345832484
Peng Sun 0006,88/619-6,0,57,0.2472368513738783,0.005808029345832484
Huaqing Zhang,158/4825,0,56,0.2295659928712819,0.005706134094151213
Rundong Wang,254/1228,0,56,0.1906153531023363,0.005706134094151213
Linshan Jiang,183/1884,0,56,0.1806791622763951,0.005706134094151213
Tianjian Chen,32/6550,0,55,0.2564968877162238,0.005604238842469941
Xun Yi,94/4423,0,55,0.2353616218358976,0.005604238842469941
Wenyu Chen,54/2420,0,55,0.2224618649436324,0.005604238842469941
Jialong Han,92/7536,0,55,0.2626284600626943,0.005604238842469941
Edith Elkind,31/2621,0,55,0.2116420152106604,0.005604238842469941
Xiang Bai,59/2741,0,55,0.2014988350260665,0.005604238842469941
Ian Flint,143/7142,0,55,0.1864599852740536,0.005604238842469941
Wei Zhong,60/1416,0,55,0.2104031281350888,0.005604238842469941
Weiwen Jiang,151/4529,0,55,0.2268773368689584,0.005604238842469941
Zoltán Endre Rákossy,37/8121,0,54,0.2344918187232979,0.0055023435907886695
Lingyang Song,286018,0,54,0.2373379407978784,0.0055023435907886695
Cheng Peng Fu,54/799,0,54,0.2738233321108113,0.0055023435907886695
Yu Wang 0020,02/5889-20,0,54,0.2098847014177748,0.0055023435907886695
Chi-Hung Chi,89/3076,0,54,0.2327713576740441,0.0055023435907886695
Zhi Hao Lim,214/2295,0,53,0.2410269409242379,0.005400448339107398
Yuan Ye,33/6315,0,53,0.2194548808506939,0.005400448339107398
Yi Liu 0057,97/4626-57,0,53,0.214200966204079,0.005400448339107398
Jiliang Wang,75/3699,0,53,0.2209520679708778,0.005400448339107398
Long Ye,86/2624,0,53,0.2104031281350888,0.005400448339107398
Mustafa Khairallah,127/2364,0,53,0.1918740449550856,0.005400448339107398
Kebin Liu,62/5693,0,53,0.211620407327267,0.005400448339107398
Martin J. McKeown,15/78,0,53,0.2846664552693835,0.005400448339107398
Shuai Zhang 0007,71/208-7,0,53,0.2036101522234582,0.005400448339107398
Zhiwei Zeng,149/8306,0,53,0.2766373364580662,0.005400448339107398
Jianye Hao,21/7664,0,53,0.2576126459899086,0.005400448339107398
Patrick Le Callet,38/6666,0,52,0.2447553353107303,0.005298553087426126
Xiu-Ling Liu,30/5587,0,52,0.2046959657944701,0.005298553087426126
Qin Zhang 0009,45/47-9,0,52,0.2103960090984406,0.005298553087426126
Jun Zhang 0005,z/JunZhang5,0,52,0.2643927908884057,0.005298553087426126
Nicholas R. Jennings,j/NicholasRJennings,0,52,0.236166124151326,0.005298553087426126
Rosa Q. So,71/11286,0,52,0.2329021329976558,0.005298553087426126
Qiang Hu,93/5629,0,52,0.1907615439735072,0.005298553087426126
Chao Xu 0006,79/1442-6,0,52,0.1966992708349227,0.005298553087426126
Jie Yang 0028,12/1198-28,0,52,0.2524871710615727,0.005298553087426126
Giuseppe Carenini,30/3994,0,51,0.2183682416387278,0.005196657835744854
Suttinee Sawadsitang,169/1118,0,51,0.2302545378399027,0.005196657835744854
Surya Dharma Tio,95/4670,0,51,0.204749886364979,0.005196657835744854
Chunyang Chen,180/7246,0,51,0.2225972453518673,0.005196657835744854
Yukun Ma,169/7255,0,51,0.2312478262887472,0.005196657835744854
Pramod Kumar Meher,97/6785,0,51,0.216369882351662,0.005196657835744854
Jeffrey S. Rosenschein,r/JeffreySRosenschein,0,51,0.1790146835820018,0.005196657835744854
Andri Ashfahani,218/6513,0,51,0.2089747966428422,0.005196657835744854
Eric Anyung Shieh,117/4929,0,51,0.235477488881903,0.005196657835744854
C.-C. Jay Kuo,k/CCJayKuo,0,50,0.2449481623298043,0.005094762584063582
Changhuai You,00/3382,0,50,0.2468638710907306,0.005094762584063582
Alwen Tiu,t/AlwenTiu,0,50,0.2368046783542562,0.005094762584063582
Ryan K. L. Ko,75/11480,0,50,0.2412607297627226,0.005094762584063582
Steven Xia,58/1060,0,50,0.2481445408397946,0.005094762584063582
Stephanus Daniel Handoko,1771275,0,50,0.2610408483650734,0.005094762584063582
C. Forbes Dewey Jr.,82/10559,0,50,0.2445724306353752,0.005094762584063582
Qing Wang,97/6505,0,50,0.2409708990081152,0.005094762584063582
Manoranjan Paul,99/774,0,50,0.2693750670986144,0.005094762584063582
Zheng Hui Ernest Tan,174/3471,0,50,0.2049996389709034,0.005094762584063582
Dong Huang,94/3756,0,50,0.2747670915516068,0.005094762584063582
Shangxuan Tian,136/3997,0,50,0.2315492105345155,0.005094762584063582
Yongqing Zheng,23/7137,0,49,0.2705706226135416,0.004992867332382311
Lihui Chen,56/1277,0,49,0.2658055077756867,0.004992867332382311
Peng Yang,57/5443,0,49,0.2584585414566031,0.004992867332382311
Yang Li 0055,37/4190-55,0,49,0.1801817985252358,0.004992867332382311
Saravanan Ramanathan,539678,0,49,0.1803804150756944,0.004992867332382311
Allan NengSheng Zhang,128/0928,0,49,0.2641793716078007,0.004992867332382311
Xingce Wang,69/732,0,49,0.2837571437849965,0.004992867332382311
Chamari Priyange Edirisinghe,2080879,0,49,0.2206619605714838,0.004992867332382311
Zbigniew T. Kalbarczyk,18/5985,0,49,0.2181690424848927,0.004992867332382311
Michael R. Lyu,l/MichaelRLyu,0,49,0.24642363671651,0.004992867332382311
Jane You,y/JaneYou,0,49,0.2009778296349196,0.004992867332382311
Yongwang Zhao,70/2470,0,49,0.1918740449550856,0.004992867332382311
Suhaib A. Fahmy,83/2660,0,48,0.2265879841454802,0.004890972080701039
Yang Xia,35/2011,0,48,0.2542941172414188,0.004890972080701039
Rassul Ayani,1396383,0,48,0.2549196100891409,0.004890972080701039
Weimin Huang,42/5546,0,48,0.2410456273560652,0.004890972080701039
Christopher Kiekintveld,95/1694,0,48,0.23566489990542,0.004890972080701039
Huijuan Yang,59/1351,0,48,0.2406165711761178,0.004890972080701039
Tin Lay Nwe,19/2769,0,48,0.2572396495637452,0.004890972080701039
Xiang Ying,58/10532,0,48,0.2208422079377922,0.004890972080701039
Robert Kheng Leng Gay,55/311,0,48,0.2736185007878383,0.004890972080701039
Xiang Li,40/1491,0,48,0.2649222072641621,0.004890972080701039
Dimosthenis Karatzas,1683464,0,47,0.2259129536386708,0.0047890768290197675
Dudy Lim,25/889,0,47,0.2680744114892401,0.0047890768290197675
Jianjun Lei,09/267,0,47,0.2446590356037304,0.0047890768290197675
Ernest Kurniawan,23/1245,0,47,0.2070818585621558,0.0047890768290197675
Louis-Philippe Morency,31/739,0,47,0.2015380193460949,0.0047890768290197675
Amir Zadeh 0001,150/5010,0,47,0.2015380193460949,0.0047890768290197675
Zoebir Bong,99/10610,0,47,0.2538270082824889,0.0047890768290197675
Wenjie Zhang,98/5684,0,47,0.2531037955431623,0.0047890768290197675
Fan Zhang,21/3626,0,47,0.2661468091467391,0.0047890768290197675
Fei Fang,57/2878,0,47,0.235477488881903,0.0047890768290197675
Chin-Hui Lee,60/826,0,47,0.2549927847496274,0.0047890768290197675
Budhitama Subagdja,712133,0,47,0.2792587258680745,0.0047890768290197675
Imiyage Janaka Prasad Wijesena,28/2344,0,46,0.2205915090604283,0.004687181577338496
Lin Ma 0002,74/3608-2,0,46,0.2450543467548537,0.004687181577338496
Ayesha Khalid,33/10570,0,46,0.2172315824944773,0.004687181577338496
Jawad Haj-Yahya,218/1227,0,46,0.2263240782130815,0.004687181577338496
King Hong Cheung,418448,0,46,0.2009778296349196,0.004687181577338496
Francky Catthoor,61/3302,0,46,0.1879307920969661,0.004687181577338496
Lina Yao,56/6651,0,46,0.2181690424848927,0.004687181577338496
Vivekanand Gopalkrishnan,72/3859,0,46,0.2566980700505455,0.004687181577338496
Zhi Wang 0001,95/6543-1,0,46,0.254481442557987,0.004687181577338496
Shuang-Min Chen,121/8989,0,46,0.220834364972811,0.004687181577338496
Xiapu Luo,53/1565,0,46,0.1906270401258251,0.004687181577338496
Vinit Jakhetiya,27/9850,0,46,0.2678319356034119,0.004687181577338496
Yevgeniy Vorobeychik,70/2217,0,46,0.2677396791778004,0.004687181577338496
Giovanni De Micheli,d/GDeMicheli,0,46,0.1978697272610072,0.004687181577338496
Ashish James,18/8209,0,46,0.2021144786096474,0.004687181577338496
Neethu Robinson,118/5100,0,46,0.2363995608616337,0.004687181577338496
Juan Yi,129/8846,0,45,0.2268856149488967,0.004585286325657224
Juki Wirawan Tantra,36/5102,0,45,0.2727065191169378,0.004585286325657224
Bingshui Da,174/7703,0,45,0.2860677208862499,0.004585286325657224
Quan Chen,40/3858,0,45,0.2341474582559933,0.004585286325657224
Yiyuan Xie,76/8314,0,45,0.2224937043403612,0.004585286325657224
Ing Yann Soon,41/6129,0,45,0.2153507895724472,0.004585286325657224
Wei Jie,37/934,0,45,0.2637423781186925,0.004585286325657224
Chun Hui Suen,75/8503,0,45,0.2501711477673163,0.004585286325657224
Wenqing Cheng,31/1966,0,45,0.1881070287353484,0.004585286325657224
Yuanyuan Li 0001,41/5232-1,0,45,0.2643815496983169,0.004585286325657224
Zelei Liu,191/8685,0,45,0.2580616720162854,0.004585286325657224
Jing Jih Chin,175/5581,0,45,0.275741831799229,0.004585286325657224
Suchitra Sathyanarayana,57/355,0,44,0.217665011513036,0.004483391073975953
Frank Z. Xing,191/2446,0,44,0.2165507243219367,0.004483391073975953
Donglai Zhu,70/5222,0,44,0.2468050823141263,0.004483391073975953
Salman Khan,32/6735,0,44,0.2348549325416178,0.004483391073975953
Yuan Zhou 0005,40/7018-5,0,44,0.2358794495449667,0.004483391073975953
Vincent Gauthier,1139101,0,44,0.1997768440822596,0.004483391073975953
Yumei Zhang,318340,0,44,0.2348549325416178,0.004483391073975953
Fahad Shahbaz Khan,2453821,0,44,0.2348549325416178,0.004483391073975953
Vishal M. Chudasama,216/4089,0,44,0.2348549325416178,0.004483391073975953
Rahul Kumar Gupta,263/1603,0,44,0.2348549325416178,0.004483391073975953
Lipo Wang,56/1348,0,44,0.2672104356883852,0.004483391073975953
Su Jun Leow,125/2869,0,44,0.2494185571739767,0.004483391073975953
Heena Patel,263/1688,0,44,0.2348549325416178,0.004483391073975953
Kishor P. Upla,60/10346,0,44,0.2348549325416178,0.004483391073975953
Jia Yu 0002,86/3457-2,0,44,0.2478083150242862,0.004483391073975953
Yi Xu,14/5580,0,44,0.2743307031766186,0.004483391073975953
Qingwen He,263/1072,0,44,0.2348549325416178,0.004483391073975953
Wei Zhang 0082,10/4661-82,0,44,0.2674172815939626,0.004483391073975953
Shuji Hao,44/10349,0,44,0.2814835928162787,0.004483391073975953
Qingxu Deng,95/63,0,44,0.2157992035018016,0.004483391073975953
Xiaobo Shen 0001,136/1805,0,44,0.2535165545052354,0.004483391073975953
Dongwon Park,55/11454,0,44,0.2348549325416178,0.004483391073975953
Jisoo Kim,77/2107,0,44,0.2348549325416178,0.004483391073975953
Guo Li,35/1964,0,44,0.2348549325416178,0.004483391073975953
Hyeonjun Sim,230/2044,0,44,0.2348549325416178,0.004483391073975953
Dapeng Oliver Wu,88/1600,0,44,0.2506652980571779,0.004483391073975953
Syed Waqas Zamir,140/7811,0,44,0.2348549325416178,0.004483391073975953
Mohammad Tofighi,39/8776,0,44,0.2348549325416178,0.004483391073975953
Jun Lin,55/1226,0,44,0.2733058214180913,0.004483391073975953
Xuehong Tao,51/5447,0,44,0.2726108745683653,0.004483391073975953
Jeonghun Kim,96/9913,0,44,0.2348549325416178,0.004483391073975953
Ke Pan,95/5257,0,44,0.2501007138681742,0.004483391073975953
Ruitao Feng,39/10651,0,44,0.2396983289223812,0.004483391073975953
Aditya Arora,230/3630,0,44,0.2348549325416178,0.004483391073975953
Longbiao Wang,74/3148,0,44,0.2446109141616936,0.004483391073975953
H. Vincent Poor,p/HVincentPoor,0,44,0.2364984615260493,0.004483391073975953
Kasun Karunanayaka,42/7599,0,44,0.2207011197481602,0.004483391073975953
Yifeng Zeng,50/1401,0,43,0.2825836877484396,0.004381495822294681
Zehua Liu,l/ZehuaLiu,0,43,0.2695852791513229,0.004381495822294681
Anubhab Baksi,160/3845,0,43,0.2198428159414677,0.004381495822294681
Jung-jae Kim,21/4791,0,43,0.268688331197529,0.004381495822294681
Markus Kirchberg,k/MarkusKirchberg,0,43,0.2195633646023944,0.004381495822294681
Sivadon Chaisiri,49/7684,0,43,0.2599169891700557,0.004381495822294681
Abdul Wahab,45/4163,0,43,0.2344918187232979,0.004381495822294681
Hongjie Chen,80/4761,0,43,0.2479169942151508,0.004381495822294681
Tanja Schultz,s/TanjaSchultz,0,43,0.2541486103283776,0.004381495822294681
Chaojie Gu,211/7582,0,43,0.1819799253410715,0.004381495822294681
Qiaohong Li,150/8458,0,43,0.2492885683492789,0.004381495822294681
Swaminathan Ramabadran,199/9811,0,43,0.1992008601007308,0.004381495822294681
